{"consoleAdmin":{"Version":"2012-10-17","Statement":[{"Effect":"Allow","Action":["admin:*"]},{"Effect":"Allow","Action":["kms:*"]},{"Effect":"Allow","Action":["s3:*"],"Resource":["arn:aws:s3:::*"]}]},"diagnostics":{"Version":"2012-10-17","Statement":[{"Effect":"Allow","Action":["admin:BandwidthMonitor","admin:Prometheus","admin:Profiling","admin:ServerTrace","admin:ConsoleLog","admin:ServerInfo","admin:TopLocksInfo","admin:OBDInfo"],"Resource":["arn:aws:s3:::*"]}]},"k8s‑backup-rw":{"Version":"2012-10-17","Statement":[{"Effect":"Allow","Action":["s3:ListBucket"],"Resource":["arn:aws:s3:::k8s-backup"]},{"Effect":"Allow","Action":["s3:DeleteObject","s3:GetObject","s3:PutObject"],"Resource":["arn:aws:s3:::k8s-backup/*"]}]},"readonly":{"Version":"2012-10-17","Statement":[{"Effect":"Allow","Action":["s3:GetBucketLocation","s3:GetObject"],"Resource":["arn:aws:s3:::*"]}]},"readwrite":{"Version":"2012-10-17","Statement":[{"Effect":"Allow","Action":["s3:*"],"Resource":["arn:aws:s3:::*"]}]},"writeonly":{"Version":"2012-10-17","Statement":[{"Effect":"Allow","Action":["s3:PutObject"],"Resource":["arn:aws:s3:::*"]}]}}